{
	"info": {
		"_postman_id": "1e536cfb-352d-4fbf-8eeb-4b27ca41d902",
		"name": "Restful Booker",
		"schema": "https://schema.getpostman.com/json/collection/v2.1.0/collection.json"
	},
	"item": [
		{
			"name": "Ping",
			"event": [
				{
					"listen": "test",
					"script": {
						"exec": [
							"pm.test(\"Status code is 201\", function () {",
							"    pm.response.to.have.status(201);",
							"});"
						],
						"type": "text/javascript"
					}
				}
			],
			"request": {
				"method": "GET",
				"header": [],
				"url": {
					"raw": "https://restful-booker.herokuapp.com/ping",
					"protocol": "https",
					"host": [
						"restful-booker",
						"herokuapp",
						"com"
					],
					"path": [
						"ping"
					]
				}
			},
			"response": []
		},
		{
			"name": "Get Token",
			"event": [
				{
					"listen": "test",
					"script": {
						"exec": [
							"var jsonData = pm.response.json();",
							"pm.collectionVariables.set(\"token\", jsonData.token);",
							"",
							"pm.test(\"Status code is 200\", function () {",
							"    pm.response.to.have.status(200);",
							"});",
							"",
							"pm.test(\"В ответе есть слово token\", function () {",
							"    pm.expect(pm.response.text()).to.include(\"token\");",
							"});"
						],
						"type": "text/javascript"
					}
				}
			],
			"request": {
				"method": "POST",
				"header": [],
				"body": {
					"mode": "raw",
					"raw": "{\n    \"username\" : \"admin\",\n    \"password\" : \"password123\"\n}",
					"options": {
						"raw": {
							"language": "json"
						}
					}
				},
				"url": {
					"raw": "https://restful-booker.herokuapp.com/auth",
					"protocol": "https",
					"host": [
						"restful-booker",
						"herokuapp",
						"com"
					],
					"path": [
						"auth"
					]
				}
			},
			"response": []
		},
		{
			"name": "Create Booking",
			"event": [
				{
					"listen": "test",
					"script": {
						"exec": [
							"var jsonData = pm.response.json();",
							"pm.collectionVariables.set(\"bookingId\", jsonData.bookingid);",
							"",
							"pm.test(\"Status code is 200\", function () {",
							"    pm.response.to.have.status(200);",
							"});",
							"",
							"pm.test(\"В ответе есть totalprice\", function () {",
							"    pm.expect(pm.response.text()).to.include(\"totalprice\");",
							"});",
							"",
							"pm.test(\"Проверка значения checkin\", function () {",
							"    var jsonData = pm.response.json();",
							"    pm.expect(jsonData.booking.bookingdates.checkin).to.eql(\"2021-02-01\");",
							"});"
						],
						"type": "text/javascript"
					}
				}
			],
			"request": {
				"method": "POST",
				"header": [],
				"body": {
					"mode": "raw",
					"raw": "{\n    \"firstname\" : \"Vasil\",\n    \"lastname\" : \"Pupkin\",\n    \"totalprice\" : 300,\n    \"depositpaid\" : false,\n    \"bookingdates\" : {\n        \"checkin\" : \"2021-02-01\",\n        \"checkout\" : \"2021-02-05\"\n    },\n    \"additionalneeds\" : [\"Breakfast\", \"Taxi from Airport\"]\n}",
					"options": {
						"raw": {
							"language": "json"
						}
					}
				},
				"url": {
					"raw": "https://restful-booker.herokuapp.com/booking",
					"protocol": "https",
					"host": [
						"restful-booker",
						"herokuapp",
						"com"
					],
					"path": [
						"booking"
					]
				}
			},
			"response": []
		},
		{
			"name": "Get All Booking Id",
			"event": [
				{
					"listen": "test",
					"script": {
						"exec": [
							"pm.test(\"Status code is 200\", function () {",
							"    pm.response.to.have.status(200);",
							"});",
							"",
							"pm.test(\"В ответе есть слово bookingId\", function () {",
							"    pm.expect(pm.response.text()).to.include( pm.collectionVariables.get(\"bookingId\"));",
							"});"
						],
						"type": "text/javascript"
					}
				}
			],
			"request": {
				"method": "GET",
				"header": [],
				"url": {
					"raw": "https://restful-booker.herokuapp.com/booking",
					"protocol": "https",
					"host": [
						"restful-booker",
						"herokuapp",
						"com"
					],
					"path": [
						"booking"
					]
				}
			},
			"response": []
		},
		{
			"name": "Get My  Booking Data",
			"event": [
				{
					"listen": "test",
					"script": {
						"exec": [
							"pm.test(\"Status code is 200\", function () {",
							"    pm.response.to.have.status(200);",
							"});",
							"",
							"pm.test(\"Значение строки firstname Vasil\", function () {",
							"    var jsonData = pm.response.json();",
							"    pm.expect(jsonData.firstname).to.eql(\"Vasil\");",
							"});"
						],
						"type": "text/javascript"
					}
				}
			],
			"request": {
				"method": "GET",
				"header": [],
				"url": {
					"raw": "https://restful-booker.herokuapp.com/booking/{{bookingId}}",
					"protocol": "https",
					"host": [
						"restful-booker",
						"herokuapp",
						"com"
					],
					"path": [
						"booking",
						"{{bookingId}}"
					]
				}
			},
			"response": []
		},
		{
			"name": "Update Booking",
			"event": [
				{
					"listen": "test",
					"script": {
						"exec": [
							"pm.test(\"Status code is 200\", function () {",
							"    pm.response.to.have.status(200);",
							"});",
							"",
							"pm.test(\"В ответе значение totalprice измениться на 1200 а значение depositpaid = false\", function () {",
							"    var jsonData = pm.response.json();",
							"    pm.expect(jsonData.totalprice).to.eql(1200);",
							"    pm.expect(jsonData.depositpaid).to.eql(false);",
							"});",
							"",
							"pm.test(\"В ответе есть слова Ivan Salatov и даты 2021-05-23 2021-06-12 \", function () {",
							"    pm.expect(pm.response.text()).to.include(\"Ivan\");",
							"    pm.expect(pm.response.text()).to.include(\"Salatov\");",
							"    pm.expect(pm.response.text()).to.include(\"2021-05-23\");",
							"    pm.expect(pm.response.text()).to.include(\"2021-06-12\");",
							"});"
						],
						"type": "text/javascript"
					}
				}
			],
			"request": {
				"method": "PUT",
				"header": [
					{
						"key": "Cookie",
						"value": "token={{token}}",
						"type": "text"
					}
				],
				"body": {
					"mode": "raw",
					"raw": "{\n    \"firstname\": \"Ivan\",\n    \"lastname\": \"Salatov\",\n    \"totalprice\": 1200,\n    \"depositpaid\": false,\n    \"bookingdates\": {\n        \"checkin\": \"2021-05-23\",\n        \"checkout\": \"2021-06-12\"\n    },\n    \"additionalneeds\": [\n        \"Breakfast\",\n        \"Taxi from Airport\"\n    ]\n}",
					"options": {
						"raw": {
							"language": "json"
						}
					}
				},
				"url": {
					"raw": "https://restful-booker.herokuapp.com/booking/{{bookingId}}",
					"protocol": "https",
					"host": [
						"restful-booker",
						"herokuapp",
						"com"
					],
					"path": [
						"booking",
						"{{bookingId}}"
					]
				}
			},
			"response": []
		},
		{
			"name": "Partial Update Booking",
			"event": [
				{
					"listen": "test",
					"script": {
						"exec": [
							"pm.test(\"Status code is 200\", function () {",
							"    pm.response.to.have.status(200);",
							"});",
							"",
							"pm.test(\"В ответе есть слово Vasilev\", function () {",
							"    pm.expect(pm.response.text()).to.include(\"Vasilev\");",
							"});",
							"",
							"pm.test(\"В ответе значение totalprice измениться на 2000\", function () {",
							"    var jsonData = pm.response.json();",
							"    pm.expect(jsonData.totalprice).to.eql(2000);",
							"});",
							""
						],
						"type": "text/javascript"
					}
				}
			],
			"request": {
				"method": "PATCH",
				"header": [
					{
						"key": "Cookie",
						"value": "token={{token}}",
						"type": "text"
					}
				],
				"body": {
					"mode": "raw",
					"raw": "{\n    \"totalprice\": 2000,\n   \"depositpaid\" : true,\n   \"lastname\": \"Vasilev\"\n}",
					"options": {
						"raw": {
							"language": "json"
						}
					}
				},
				"url": {
					"raw": "https://restful-booker.herokuapp.com/booking/{{bookingId}}",
					"protocol": "https",
					"host": [
						"restful-booker",
						"herokuapp",
						"com"
					],
					"path": [
						"booking",
						"{{bookingId}}"
					]
				}
			},
			"response": []
		},
		{
			"name": "Delete Booking",
			"event": [
				{
					"listen": "test",
					"script": {
						"exec": [
							"pm.test(\"Status code is 201\", function () {",
							"    pm.response.to.have.status(201);",
							"});"
						],
						"type": "text/javascript"
					}
				}
			],
			"request": {
				"method": "DELETE",
				"header": [
					{
						"key": "Cookie",
						"value": "token={{token}}",
						"type": "text"
					},
					{
						"key": "Content-Type",
						"value": "application/json",
						"type": "text"
					}
				],
				"url": {
					"raw": "https://restful-booker.herokuapp.com/booking/{{bookingId}}",
					"protocol": "https",
					"host": [
						"restful-booker",
						"herokuapp",
						"com"
					],
					"path": [
						"booking",
						"{{bookingId}}"
					]
				}
			},
			"response": []
		},
		{
			"name": "Get My Booking Data after Deletion",
			"event": [
				{
					"listen": "test",
					"script": {
						"exec": [
							"pm.test(\"Status code is 404\", function () {",
							"    pm.response.to.have.status(404);",
							"});"
						],
						"type": "text/javascript"
					}
				}
			],
			"request": {
				"method": "GET",
				"header": [],
				"url": {
					"raw": "https://restful-booker.herokuapp.com/booking/{{bookingId}}",
					"protocol": "https",
					"host": [
						"restful-booker",
						"herokuapp",
						"com"
					],
					"path": [
						"booking",
						"{{bookingId}}"
					]
				}
			},
			"response": []
		}
	],
	"event": [
		{
			"listen": "prerequest",
			"script": {
				"type": "text/javascript",
				"exec": [
					""
				]
			}
		},
		{
			"listen": "test",
			"script": {
				"type": "text/javascript",
				"exec": [
					""
				]
			}
		}
	],
	"variable": [
		{
			"key": "bookingId",
			"value": 16
		},
		{
			"key": "token",
			"value": "49f7c48c3ad0af6"
		}
	]
}